datetime,precio_eur_mwh
2026-05-27 00:00:00+02:00,168.2
2026-05-27 00:00:00+02:00,168.2
2026-05-27 00:00:00+02:00,168.2
2026-05-27 00:00:00+02:00,168.2
2026-05-27 00:00:00+02:00,168.2
2026-05-27 01:00:00+02:00,152.61
2026-05-27 01:00:00+02:00,152.61
2026-05-27 01:00:00+02:00,152.61
2026-05-27 01:00:00+02:00,152.61
2026-05-27 01:00:00+02:00,152.61
2026-05-27 02:00:00+02:00,139.52
2026-05-27 02:00:00+02:00,139.52
2026-05-27 02:00:00+02:00,139.52
2026-05-27 02:00:00+02:00,139.52
2026-05-27 02:00:00+02:00,139.52
2026-05-27 03:00:00+02:00,135.21
2026-05-27 03:00:00+02:00,135.21
2026-05-27 03:00:00+02:00,135.21
2026-05-27 03:00:00+02:00,135.21
2026-05-27 03:00:00+02:00,135.21
2026-05-27 04:00:00+02:00,134.24
2026-05-27 04:00:00+02:00,134.24
2026-05-27 04:00:00+02:00,134.24
2026-05-27 04:00:00+02:00,134.24
2026-05-27 04:00:00+02:00,134.24
2026-05-27 05:00:00+02:00,138.32
2026-05-27 05:00:00+02:00,138.32
2026-05-27 05:00:00+02:00,138.32
2026-05-27 05:00:00+02:00,138.32
2026-05-27 05:00:00+02:00,138.32
2026-05-27 06:00:00+02:00,161.22
2026-05-27 06:00:00+02:00,161.22
2026-05-27 06:00:00+02:00,161.22
2026-05-27 06:00:00+02:00,161.22
2026-05-27 06:00:00+02:00,161.22
2026-05-27 07:00:00+02:00,166.62
2026-05-27 07:00:00+02:00,166.62
2026-05-27 07:00:00+02:00,166.62
2026-05-27 07:00:00+02:00,166.62
2026-05-27 07:00:00+02:00,166.62
2026-05-27 08:00:00+02:00,166.15
2026-05-27 08:00:00+02:00,166.15
2026-05-27 08:00:00+02:00,166.15
2026-05-27 08:00:00+02:00,166.15
2026-05-27 08:00:00+02:00,166.15
2026-05-27 09:00:00+02:00,88.17
2026-05-27 09:00:00+02:00,88.17
2026-05-27 09:00:00+02:00,88.17
2026-05-27 09:00:00+02:00,88.17
2026-05-27 09:00:00+02:00,88.17
2026-05-27 10:00:00+02:00,50.5
2026-05-27 10:00:00+02:00,50.5
2026-05-27 10:00:00+02:00,119.62
2026-05-27 10:00:00+02:00,119.62
2026-05-27 10:00:00+02:00,119.62
2026-05-27 11:00:00+02:00,114.02
2026-05-27 11:00:00+02:00,114.02
2026-05-27 11:00:00+02:00,114.02
2026-05-27 11:00:00+02:00,114.02
2026-05-27 11:00:00+02:00,114.02
2026-05-27 12:00:00+02:00,114.63
2026-05-27 12:00:00+02:00,114.63
2026-05-27 12:00:00+02:00,114.63
2026-05-27 12:00:00+02:00,114.63
2026-05-27 12:00:00+02:00,114.63
2026-05-27 13:00:00+02:00,114.05
2026-05-27 13:00:00+02:00,114.05
2026-05-27 13:00:00+02:00,114.05
2026-05-27 13:00:00+02:00,114.05
2026-05-27 13:00:00+02:00,114.05
2026-05-27 14:00:00+02:00,45.77
2026-05-27 14:00:00+02:00,45.77
2026-05-27 14:00:00+02:00,45.77
2026-05-27 14:00:00+02:00,114.9
2026-05-27 14:00:00+02:00,114.9
2026-05-27 15:00:00+02:00,48.43
2026-05-27 15:00:00+02:00,48.43
2026-05-27 15:00:00+02:00,48.43
2026-05-27 15:00:00+02:00,48.43
2026-05-27 15:00:00+02:00,48.43
2026-05-27 16:00:00+02:00,49.73
2026-05-27 16:00:00+02:00,49.73
2026-05-27 16:00:00+02:00,49.73
2026-05-27 16:00:00+02:00,49.73
2026-05-27 16:00:00+02:00,49.73
2026-05-27 17:00:00+02:00,52.85
2026-05-27 17:00:00+02:00,52.85
2026-05-27 17:00:00+02:00,52.85
2026-05-27 17:00:00+02:00,52.85
2026-05-27 17:00:00+02:00,52.85
2026-05-27 18:00:00+02:00,146.5
2026-05-27 18:00:00+02:00,146.5
2026-05-27 18:00:00+02:00,146.5
2026-05-27 18:00:00+02:00,77.26
2026-05-27 18:00:00+02:00,77.26
2026-05-27 19:00:00+02:00,193.03
2026-05-27 19:00:00+02:00,193.03
2026-05-27 19:00:00+02:00,193.03
2026-05-27 19:00:00+02:00,193.03
2026-05-27 19:00:00+02:00,193.03
2026-05-27 20:00:00+02:00,260.44
2026-05-27 20:00:00+02:00,260.44
2026-05-27 20:00:00+02:00,260.44
2026-05-27 20:00:00+02:00,260.44
2026-05-27 20:00:00+02:00,260.44
2026-05-27 21:00:00+02:00,287.89
2026-05-27 21:00:00+02:00,287.89
2026-05-27 21:00:00+02:00,287.89
2026-05-27 21:00:00+02:00,287.89
2026-05-27 21:00:00+02:00,287.89
2026-05-27 22:00:00+02:00,212.65
2026-05-27 22:00:00+02:00,212.65
2026-05-27 22:00:00+02:00,212.65
2026-05-27 22:00:00+02:00,282.51
2026-05-27 22:00:00+02:00,282.51
2026-05-27 23:00:00+02:00,193.06
2026-05-27 23:00:00+02:00,193.06
2026-05-27 23:00:00+02:00,193.06
2026-05-27 23:00:00+02:00,193.06
2026-05-27 23:00:00+02:00,193.06
2026-05-28 00:00:00+02:00,133.52
2026-05-28 00:00:00+02:00,133.52
2026-05-28 00:00:00+02:00,133.52
2026-05-28 00:00:00+02:00,133.52
2026-05-28 00:00:00+02:00,133.52
2026-05-28 01:00:00+02:00,130.96
2026-05-28 01:00:00+02:00,130.96
2026-05-28 01:00:00+02:00,130.96
2026-05-28 01:00:00+02:00,130.96
2026-05-28 01:00:00+02:00,130.96
2026-05-28 02:00:00+02:00,127.16
2026-05-28 02:00:00+02:00,127.16
2026-05-28 02:00:00+02:00,127.16
2026-05-28 02:00:00+02:00,127.16
2026-05-28 02:00:00+02:00,127.16
2026-05-28 03:00:00+02:00,127.42
2026-05-28 03:00:00+02:00,127.42
2026-05-28 03:00:00+02:00,127.42
2026-05-28 03:00:00+02:00,127.42
2026-05-28 03:00:00+02:00,127.42
2026-05-28 04:00:00+02:00,129.14
2026-05-28 04:00:00+02:00,129.14
2026-05-28 04:00:00+02:00,129.14
2026-05-28 04:00:00+02:00,129.14
2026-05-28 04:00:00+02:00,129.14
2026-05-28 05:00:00+02:00,143.33
2026-05-28 05:00:00+02:00,143.33
2026-05-28 05:00:00+02:00,143.33
2026-05-28 05:00:00+02:00,143.33
2026-05-28 05:00:00+02:00,143.33
2026-05-28 06:00:00+02:00,173.94
2026-05-28 06:00:00+02:00,173.94
2026-05-28 06:00:00+02:00,173.94
2026-05-28 06:00:00+02:00,173.94
2026-05-28 06:00:00+02:00,173.94
2026-05-28 07:00:00+02:00,171.04
2026-05-28 07:00:00+02:00,171.04
2026-05-28 07:00:00+02:00,171.04
2026-05-28 07:00:00+02:00,171.04
2026-05-28 07:00:00+02:00,171.04
2026-05-28 08:00:00+02:00,165.84
2026-05-28 08:00:00+02:00,165.84
2026-05-28 08:00:00+02:00,165.84
2026-05-28 08:00:00+02:00,165.84
2026-05-28 08:00:00+02:00,165.84
2026-05-28 09:00:00+02:00,99.72
2026-05-28 09:00:00+02:00,99.72
2026-05-28 09:00:00+02:00,99.72
2026-05-28 09:00:00+02:00,99.72
2026-05-28 09:00:00+02:00,99.72
2026-05-28 10:00:00+02:00,129.59
2026-05-28 10:00:00+02:00,129.59
2026-05-28 10:00:00+02:00,129.59
2026-05-28 10:00:00+02:00,60.41
2026-05-28 10:00:00+02:00,60.41
2026-05-28 11:00:00+02:00,111.43
2026-05-28 11:00:00+02:00,111.43
2026-05-28 11:00:00+02:00,111.43
2026-05-28 11:00:00+02:00,111.43
2026-05-28 11:00:00+02:00,111.43
2026-05-28 12:00:00+02:00,109.69
2026-05-28 12:00:00+02:00,109.69
2026-05-28 12:00:00+02:00,109.69
2026-05-28 12:00:00+02:00,109.69
2026-05-28 12:00:00+02:00,109.69
2026-05-28 13:00:00+02:00,109.4
2026-05-28 13:00:00+02:00,109.4
2026-05-28 13:00:00+02:00,109.4
2026-05-28 13:00:00+02:00,109.4
2026-05-28 13:00:00+02:00,109.4
2026-05-28 14:00:00+02:00,40.73
2026-05-28 14:00:00+02:00,40.73
2026-05-28 14:00:00+02:00,40.73
2026-05-28 14:00:00+02:00,109.85
2026-05-28 14:00:00+02:00,109.85
2026-05-28 15:00:00+02:00,44.67
2026-05-28 15:00:00+02:00,44.67
2026-05-28 15:00:00+02:00,44.67
2026-05-28 15:00:00+02:00,44.67
2026-05-28 15:00:00+02:00,44.67
2026-05-28 16:00:00+02:00,50.9
2026-05-28 16:00:00+02:00,50.9
2026-05-28 16:00:00+02:00,50.9
2026-05-28 16:00:00+02:00,50.9
2026-05-28 16:00:00+02:00,50.9
2026-05-28 17:00:00+02:00,63.87
2026-05-28 17:00:00+02:00,63.87
2026-05-28 17:00:00+02:00,63.87
2026-05-28 17:00:00+02:00,63.87
2026-05-28 17:00:00+02:00,63.87
2026-05-28 18:00:00+02:00,167.36
2026-05-28 18:00:00+02:00,167.36
2026-05-28 18:00:00+02:00,167.36
2026-05-28 18:00:00+02:00,98.05
2026-05-28 18:00:00+02:00,98.05
2026-05-28 19:00:00+02:00,216.54
2026-05-28 19:00:00+02:00,216.54
2026-05-28 19:00:00+02:00,216.54
2026-05-28 19:00:00+02:00,216.54
2026-05-28 19:00:00+02:00,216.54
2026-05-28 20:00:00+02:00,277.41
2026-05-28 20:00:00+02:00,277.41
2026-05-28 20:00:00+02:00,277.41
2026-05-28 20:00:00+02:00,277.41
2026-05-28 20:00:00+02:00,277.41
2026-05-28 21:00:00+02:00,311.48
2026-05-28 21:00:00+02:00,311.48
2026-05-28 21:00:00+02:00,311.48
2026-05-28 21:00:00+02:00,311.48
2026-05-28 21:00:00+02:00,311.48
2026-05-28 22:00:00+02:00,301.62
2026-05-28 22:00:00+02:00,231.84
2026-05-28 22:00:00+02:00,301.62
2026-05-28 22:00:00+02:00,231.84
2026-05-28 22:00:00+02:00,231.84
2026-05-28 23:00:00+02:00,211.43
2026-05-28 23:00:00+02:00,211.43
2026-05-28 23:00:00+02:00,211.43
2026-05-28 23:00:00+02:00,211.43
2026-05-28 23:00:00+02:00,211.43
2026-05-29 00:00:00+02:00,156.74
2026-05-29 00:00:00+02:00,156.74
2026-05-29 00:00:00+02:00,156.74
2026-05-29 00:00:00+02:00,156.74
2026-05-29 00:00:00+02:00,156.74
2026-05-29 01:00:00+02:00,151.12
2026-05-29 01:00:00+02:00,151.12
2026-05-29 01:00:00+02:00,151.12
2026-05-29 01:00:00+02:00,151.12
2026-05-29 01:00:00+02:00,151.12
2026-05-29 02:00:00+02:00,142.44
2026-05-29 02:00:00+02:00,142.44
2026-05-29 02:00:00+02:00,142.44
2026-05-29 02:00:00+02:00,142.44
2026-05-29 02:00:00+02:00,142.44
2026-05-29 03:00:00+02:00,135.3
2026-05-29 03:00:00+02:00,135.3
2026-05-29 03:00:00+02:00,135.3
2026-05-29 03:00:00+02:00,135.3
2026-05-29 03:00:00+02:00,135.3
2026-05-29 04:00:00+02:00,131.76
2026-05-29 04:00:00+02:00,131.76
2026-05-29 04:00:00+02:00,131.76
2026-05-29 04:00:00+02:00,131.76
2026-05-29 04:00:00+02:00,131.76
2026-05-29 05:00:00+02:00,143.45
2026-05-29 05:00:00+02:00,143.45
2026-05-29 05:00:00+02:00,143.45
2026-05-29 05:00:00+02:00,143.45
2026-05-29 05:00:00+02:00,143.45
2026-05-29 06:00:00+02:00,175.15
2026-05-29 06:00:00+02:00,175.15
2026-05-29 06:00:00+02:00,175.15
2026-05-29 06:00:00+02:00,175.15
2026-05-29 06:00:00+02:00,175.15
2026-05-29 07:00:00+02:00,178.45
2026-05-29 07:00:00+02:00,178.45
2026-05-29 07:00:00+02:00,178.45
2026-05-29 07:00:00+02:00,178.45
2026-05-29 07:00:00+02:00,178.45
2026-05-29 08:00:00+02:00,172.58
2026-05-29 08:00:00+02:00,172.58
2026-05-29 08:00:00+02:00,172.58
2026-05-29 08:00:00+02:00,172.58
2026-05-29 08:00:00+02:00,172.58
2026-05-29 09:00:00+02:00,101.76
2026-05-29 09:00:00+02:00,101.76
2026-05-29 09:00:00+02:00,101.76
2026-05-29 09:00:00+02:00,101.76
2026-05-29 09:00:00+02:00,101.76
2026-05-29 10:00:00+02:00,119.11
2026-05-29 10:00:00+02:00,119.11
2026-05-29 10:00:00+02:00,119.11
2026-05-29 10:00:00+02:00,49.99
2026-05-29 10:00:00+02:00,49.99
2026-05-29 11:00:00+02:00,104.24
2026-05-29 11:00:00+02:00,104.24
2026-05-29 11:00:00+02:00,104.24
2026-05-29 11:00:00+02:00,104.24
2026-05-29 11:00:00+02:00,104.24
2026-05-29 12:00:00+02:00,102.99
2026-05-29 12:00:00+02:00,102.99
2026-05-29 12:00:00+02:00,102.99
2026-05-29 12:00:00+02:00,102.99
2026-05-29 12:00:00+02:00,102.99
2026-05-29 13:00:00+02:00,102.43
2026-05-29 13:00:00+02:00,102.43
2026-05-29 13:00:00+02:00,102.43
2026-05-29 13:00:00+02:00,102.43
2026-05-29 13:00:00+02:00,102.43
2026-05-29 14:00:00+02:00,105.85
2026-05-29 14:00:00+02:00,105.85
2026-05-29 14:00:00+02:00,36.76
2026-05-29 14:00:00+02:00,36.76
2026-05-29 14:00:00+02:00,36.76
2026-05-29 15:00:00+02:00,44.47
2026-05-29 15:00:00+02:00,44.47
2026-05-29 15:00:00+02:00,44.47
2026-05-29 15:00:00+02:00,44.47
2026-05-29 15:00:00+02:00,44.47
2026-05-29 16:00:00+02:00,52.46
2026-05-29 16:00:00+02:00,52.46
2026-05-29 16:00:00+02:00,52.46
2026-05-29 16:00:00+02:00,52.46
2026-05-29 16:00:00+02:00,52.46
2026-05-29 17:00:00+02:00,73.07
2026-05-29 17:00:00+02:00,73.07
2026-05-29 17:00:00+02:00,73.07
2026-05-29 17:00:00+02:00,73.07
2026-05-29 17:00:00+02:00,73.07
2026-05-29 18:00:00+02:00,179.75
2026-05-29 18:00:00+02:00,179.75
2026-05-29 18:00:00+02:00,179.75
2026-05-29 18:00:00+02:00,110.4
2026-05-29 18:00:00+02:00,110.4
2026-05-29 19:00:00+02:00,216.12
2026-05-29 19:00:00+02:00,216.12
2026-05-29 19:00:00+02:00,216.12
2026-05-29 19:00:00+02:00,216.12
2026-05-29 19:00:00+02:00,216.12
2026-05-29 20:00:00+02:00,257.57
2026-05-29 20:00:00+02:00,257.57
2026-05-29 20:00:00+02:00,257.57
2026-05-29 20:00:00+02:00,257.57
2026-05-29 20:00:00+02:00,257.57
2026-05-29 21:00:00+02:00,290.87
2026-05-29 21:00:00+02:00,290.87
2026-05-29 21:00:00+02:00,290.87
2026-05-29 21:00:00+02:00,290.87
2026-05-29 21:00:00+02:00,290.87
2026-05-29 22:00:00+02:00,227.96
2026-05-29 22:00:00+02:00,227.96
2026-05-29 22:00:00+02:00,227.96
2026-05-29 22:00:00+02:00,297.89
2026-05-29 22:00:00+02:00,297.89
2026-05-29 23:00:00+02:00,201.33
2026-05-29 23:00:00+02:00,201.33
2026-05-29 23:00:00+02:00,201.33
2026-05-29 23:00:00+02:00,201.33
2026-05-29 23:00:00+02:00,201.33
2026-05-30 00:00:00+02:00,160.47
2026-05-30 00:00:00+02:00,160.47
2026-05-30 00:00:00+02:00,160.47
2026-05-30 00:00:00+02:00,160.47
2026-05-30 00:00:00+02:00,160.47
2026-05-30 01:00:00+02:00,150.24
2026-05-30 01:00:00+02:00,150.24
2026-05-30 01:00:00+02:00,150.24
2026-05-30 01:00:00+02:00,150.24
2026-05-30 01:00:00+02:00,150.24
2026-05-30 02:00:00+02:00,140.85
2026-05-30 02:00:00+02:00,140.85
2026-05-30 02:00:00+02:00,140.85
2026-05-30 02:00:00+02:00,140.85
2026-05-30 02:00:00+02:00,140.85
2026-05-30 03:00:00+02:00,136.96
2026-05-30 03:00:00+02:00,136.96
2026-05-30 03:00:00+02:00,136.96
2026-05-30 03:00:00+02:00,136.96
2026-05-30 03:00:00+02:00,136.96
2026-05-30 04:00:00+02:00,148.05
2026-05-30 04:00:00+02:00,148.05
2026-05-30 04:00:00+02:00,148.05
2026-05-30 04:00:00+02:00,148.05
2026-05-30 04:00:00+02:00,148.05
2026-05-30 05:00:00+02:00,151.9
2026-05-30 05:00:00+02:00,151.9
2026-05-30 05:00:00+02:00,151.9
2026-05-30 05:00:00+02:00,151.9
2026-05-30 05:00:00+02:00,151.9
2026-05-30 06:00:00+02:00,150.39
2026-05-30 06:00:00+02:00,150.39
2026-05-30 06:00:00+02:00,150.39
2026-05-30 06:00:00+02:00,150.39
2026-05-30 06:00:00+02:00,150.39
2026-05-30 07:00:00+02:00,150.21
2026-05-30 07:00:00+02:00,150.21
2026-05-30 07:00:00+02:00,150.21
2026-05-30 07:00:00+02:00,150.21
2026-05-30 07:00:00+02:00,150.21
2026-05-30 08:00:00+02:00,93.77
2026-05-30 08:00:00+02:00,93.77
2026-05-30 08:00:00+02:00,93.77
2026-05-30 08:00:00+02:00,93.77
2026-05-30 08:00:00+02:00,93.77
2026-05-30 09:00:00+02:00,47.74
2026-05-30 09:00:00+02:00,47.74
2026-05-30 09:00:00+02:00,47.74
2026-05-30 09:00:00+02:00,47.74
2026-05-30 09:00:00+02:00,47.74
2026-05-30 10:00:00+02:00,27.18
2026-05-30 10:00:00+02:00,27.18
2026-05-30 10:00:00+02:00,27.18
2026-05-30 10:00:00+02:00,27.18
2026-05-30 10:00:00+02:00,27.18
2026-05-30 11:00:00+02:00,21.29
2026-05-30 11:00:00+02:00,21.29
2026-05-30 11:00:00+02:00,21.29
2026-05-30 11:00:00+02:00,21.29
2026-05-30 11:00:00+02:00,21.29
2026-05-30 12:00:00+02:00,17.11
2026-05-30 12:00:00+02:00,17.11
2026-05-30 12:00:00+02:00,17.11
2026-05-30 12:00:00+02:00,17.11
2026-05-30 12:00:00+02:00,17.11
2026-05-30 13:00:00+02:00,16.77
2026-05-30 13:00:00+02:00,16.77
2026-05-30 13:00:00+02:00,16.77
2026-05-30 13:00:00+02:00,16.77
2026-05-30 13:00:00+02:00,16.77
2026-05-30 14:00:00+02:00,16.83
2026-05-30 14:00:00+02:00,16.83
2026-05-30 14:00:00+02:00,16.83
2026-05-30 14:00:00+02:00,16.83
2026-05-30 14:00:00+02:00,16.83
2026-05-30 15:00:00+02:00,17.41
2026-05-30 15:00:00+02:00,17.41
2026-05-30 15:00:00+02:00,17.41
2026-05-30 15:00:00+02:00,17.41
2026-05-30 15:00:00+02:00,17.41
2026-05-30 16:00:00+02:00,26.92
2026-05-30 16:00:00+02:00,26.92
2026-05-30 16:00:00+02:00,26.92
2026-05-30 16:00:00+02:00,26.92
2026-05-30 16:00:00+02:00,26.92
2026-05-30 17:00:00+02:00,33.96
2026-05-30 17:00:00+02:00,33.96
2026-05-30 17:00:00+02:00,33.96
2026-05-30 17:00:00+02:00,33.96
2026-05-30 17:00:00+02:00,33.96
2026-05-30 18:00:00+02:00,56.75
2026-05-30 18:00:00+02:00,56.75
2026-05-30 18:00:00+02:00,56.75
2026-05-30 18:00:00+02:00,56.75
2026-05-30 18:00:00+02:00,56.75
2026-05-30 19:00:00+02:00,103.65
2026-05-30 19:00:00+02:00,103.65
2026-05-30 19:00:00+02:00,103.65
2026-05-30 19:00:00+02:00,103.65
2026-05-30 19:00:00+02:00,103.65
2026-05-30 20:00:00+02:00,142.7
2026-05-30 20:00:00+02:00,142.7
2026-05-30 20:00:00+02:00,142.7
2026-05-30 20:00:00+02:00,142.7
2026-05-30 20:00:00+02:00,142.7
2026-05-30 21:00:00+02:00,165.14
2026-05-30 21:00:00+02:00,165.14
2026-05-30 21:00:00+02:00,165.14
2026-05-30 21:00:00+02:00,165.14
2026-05-30 21:00:00+02:00,165.14
2026-05-30 22:00:00+02:00,171.82
2026-05-30 22:00:00+02:00,171.82
2026-05-30 22:00:00+02:00,171.82
2026-05-30 22:00:00+02:00,171.82
2026-05-30 22:00:00+02:00,171.82
2026-05-30 23:00:00+02:00,160.13
2026-05-30 23:00:00+02:00,160.13
2026-05-30 23:00:00+02:00,160.13
2026-05-30 23:00:00+02:00,160.13
2026-05-30 23:00:00+02:00,160.13
2026-05-31 00:00:00+02:00,147.68
2026-05-31 00:00:00+02:00,147.68
2026-05-31 00:00:00+02:00,147.68
2026-05-31 00:00:00+02:00,147.68
2026-05-31 00:00:00+02:00,147.68
2026-05-31 01:00:00+02:00,141.77
2026-05-31 01:00:00+02:00,141.77
2026-05-31 01:00:00+02:00,141.77
2026-05-31 01:00:00+02:00,141.77
2026-05-31 01:00:00+02:00,141.77
2026-05-31 02:00:00+02:00,129.49
2026-05-31 02:00:00+02:00,129.49
2026-05-31 02:00:00+02:00,129.49
2026-05-31 02:00:00+02:00,129.49
2026-05-31 02:00:00+02:00,129.49
2026-05-31 03:00:00+02:00,133.11
2026-05-31 03:00:00+02:00,133.11
2026-05-31 03:00:00+02:00,133.11
2026-05-31 03:00:00+02:00,133.11
2026-05-31 03:00:00+02:00,133.11
2026-05-31 04:00:00+02:00,123.76
2026-05-31 04:00:00+02:00,123.76
2026-05-31 04:00:00+02:00,123.76
2026-05-31 04:00:00+02:00,123.76
2026-05-31 04:00:00+02:00,123.76
2026-05-31 05:00:00+02:00,123.89
2026-05-31 05:00:00+02:00,123.89
2026-05-31 05:00:00+02:00,123.89
2026-05-31 05:00:00+02:00,123.89
2026-05-31 05:00:00+02:00,123.89
2026-05-31 06:00:00+02:00,132.35
2026-05-31 06:00:00+02:00,132.35
2026-05-31 06:00:00+02:00,132.35
2026-05-31 06:00:00+02:00,132.35
2026-05-31 06:00:00+02:00,132.35
2026-05-31 07:00:00+02:00,126.74
2026-05-31 07:00:00+02:00,126.74
2026-05-31 07:00:00+02:00,126.74
2026-05-31 07:00:00+02:00,126.74
2026-05-31 07:00:00+02:00,126.74
2026-05-31 08:00:00+02:00,62.28
2026-05-31 08:00:00+02:00,62.28
2026-05-31 08:00:00+02:00,62.28
2026-05-31 08:00:00+02:00,62.28
2026-05-31 08:00:00+02:00,62.28
2026-05-31 09:00:00+02:00,33.6
2026-05-31 09:00:00+02:00,33.6
2026-05-31 09:00:00+02:00,33.6
2026-05-31 09:00:00+02:00,33.6
2026-05-31 09:00:00+02:00,33.6
2026-05-31 10:00:00+02:00,36.91
2026-05-31 10:00:00+02:00,36.91
2026-05-31 10:00:00+02:00,36.91
2026-05-31 10:00:00+02:00,36.91
2026-05-31 10:00:00+02:00,36.91
2026-05-31 11:00:00+02:00,36.43
2026-05-31 11:00:00+02:00,36.43
2026-05-31 11:00:00+02:00,36.43
2026-05-31 11:00:00+02:00,36.43
2026-05-31 11:00:00+02:00,36.43
2026-05-31 12:00:00+02:00,37.13
2026-05-31 12:00:00+02:00,37.13
2026-05-31 12:00:00+02:00,37.13
2026-05-31 12:00:00+02:00,37.13
2026-05-31 12:00:00+02:00,37.13
2026-05-31 13:00:00+02:00,35.85
2026-05-31 13:00:00+02:00,35.85
2026-05-31 13:00:00+02:00,35.85
2026-05-31 13:00:00+02:00,35.85
2026-05-31 13:00:00+02:00,35.85
2026-05-31 14:00:00+02:00,40.1
2026-05-31 14:00:00+02:00,40.1
2026-05-31 14:00:00+02:00,40.1
2026-05-31 14:00:00+02:00,40.1
2026-05-31 14:00:00+02:00,40.1
2026-05-31 15:00:00+02:00,41.09
2026-05-31 15:00:00+02:00,41.09
2026-05-31 15:00:00+02:00,41.09
2026-05-31 15:00:00+02:00,41.09
2026-05-31 15:00:00+02:00,41.09
2026-05-31 16:00:00+02:00,41.78
2026-05-31 16:00:00+02:00,41.78
2026-05-31 16:00:00+02:00,41.78
2026-05-31 16:00:00+02:00,41.78
2026-05-31 16:00:00+02:00,41.78
2026-05-31 17:00:00+02:00,42.59
2026-05-31 17:00:00+02:00,42.59
2026-05-31 17:00:00+02:00,42.59
2026-05-31 17:00:00+02:00,42.59
2026-05-31 17:00:00+02:00,42.59
2026-05-31 18:00:00+02:00,41.23
2026-05-31 18:00:00+02:00,41.23
2026-05-31 18:00:00+02:00,41.23
2026-05-31 18:00:00+02:00,41.23
2026-05-31 18:00:00+02:00,41.23
2026-05-31 19:00:00+02:00,72.19
2026-05-31 19:00:00+02:00,72.19
2026-05-31 19:00:00+02:00,72.19
2026-05-31 19:00:00+02:00,72.19
2026-05-31 19:00:00+02:00,72.19
2026-05-31 20:00:00+02:00,113.6
2026-05-31 20:00:00+02:00,113.6
2026-05-31 20:00:00+02:00,113.6
2026-05-31 20:00:00+02:00,113.6
2026-05-31 20:00:00+02:00,113.6
2026-05-31 21:00:00+02:00,150.55
2026-05-31 21:00:00+02:00,150.55
2026-05-31 21:00:00+02:00,150.55
2026-05-31 21:00:00+02:00,150.55
2026-05-31 21:00:00+02:00,150.55
2026-05-31 22:00:00+02:00,153.92
2026-05-31 22:00:00+02:00,153.92
2026-05-31 22:00:00+02:00,153.92
2026-05-31 22:00:00+02:00,153.92
2026-05-31 22:00:00+02:00,153.92
2026-05-31 23:00:00+02:00,138.13
2026-05-31 23:00:00+02:00,138.13
2026-05-31 23:00:00+02:00,138.13
2026-05-31 23:00:00+02:00,138.13
2026-05-31 23:00:00+02:00,138.13
2026-06-01 00:00:00+02:00,129.97
2026-06-01 00:00:00+02:00,129.97
2026-06-01 00:00:00+02:00,129.97
2026-06-01 00:00:00+02:00,129.97
2026-06-01 00:00:00+02:00,129.97
2026-06-01 01:00:00+02:00,123.65
2026-06-01 01:00:00+02:00,123.65
2026-06-01 01:00:00+02:00,123.65
2026-06-01 01:00:00+02:00,123.65
2026-06-01 01:00:00+02:00,123.65
2026-06-01 02:00:00+02:00,123.18
2026-06-01 02:00:00+02:00,123.18
2026-06-01 02:00:00+02:00,123.18
2026-06-01 02:00:00+02:00,123.18
2026-06-01 02:00:00+02:00,123.18
2026-06-01 03:00:00+02:00,124.95
2026-06-01 03:00:00+02:00,124.95
2026-06-01 03:00:00+02:00,124.95
2026-06-01 03:00:00+02:00,124.95
2026-06-01 03:00:00+02:00,124.95
2026-06-01 04:00:00+02:00,127.19
2026-06-01 04:00:00+02:00,127.19
2026-06-01 04:00:00+02:00,127.19
2026-06-01 04:00:00+02:00,127.19
2026-06-01 04:00:00+02:00,127.19
2026-06-01 05:00:00+02:00,134.36
2026-06-01 05:00:00+02:00,134.36
2026-06-01 05:00:00+02:00,134.36
2026-06-01 05:00:00+02:00,134.36
2026-06-01 05:00:00+02:00,134.36
2026-06-01 06:00:00+02:00,155.52
2026-06-01 06:00:00+02:00,155.52
2026-06-01 06:00:00+02:00,155.52
2026-06-01 06:00:00+02:00,155.52
2026-06-01 06:00:00+02:00,155.52
2026-06-01 07:00:00+02:00,174.61
2026-06-01 07:00:00+02:00,174.61
2026-06-01 07:00:00+02:00,174.61
2026-06-01 07:00:00+02:00,174.61
2026-06-01 07:00:00+02:00,174.61
2026-06-01 08:00:00+02:00,168.42
2026-06-01 08:00:00+02:00,168.42
2026-06-01 08:00:00+02:00,168.42
2026-06-01 08:00:00+02:00,168.42
2026-06-01 08:00:00+02:00,168.42
2026-06-01 09:00:00+02:00,93.22
2026-06-01 09:00:00+02:00,93.22
2026-06-01 09:00:00+02:00,93.22
2026-06-01 09:00:00+02:00,93.22
2026-06-01 09:00:00+02:00,93.22
2026-06-01 10:00:00+02:00,66.71
2026-06-01 10:00:00+02:00,66.71
2026-06-01 10:00:00+02:00,135.87
2026-06-01 10:00:00+02:00,135.87
2026-06-01 10:00:00+02:00,135.87
2026-06-01 11:00:00+02:00,133.08
2026-06-01 11:00:00+02:00,133.08
2026-06-01 11:00:00+02:00,133.08
2026-06-01 11:00:00+02:00,133.08
2026-06-01 11:00:00+02:00,133.08
2026-06-01 12:00:00+02:00,135.11
2026-06-01 12:00:00+02:00,135.11
2026-06-01 12:00:00+02:00,135.11
2026-06-01 12:00:00+02:00,135.11
2026-06-01 12:00:00+02:00,135.11
2026-06-01 13:00:00+02:00,126.33
2026-06-01 13:00:00+02:00,126.33
2026-06-01 13:00:00+02:00,126.33
2026-06-01 13:00:00+02:00,126.33
2026-06-01 13:00:00+02:00,126.33
2026-06-01 14:00:00+02:00,58.04
2026-06-01 14:00:00+02:00,58.04
2026-06-01 14:00:00+02:00,58.04
2026-06-01 14:00:00+02:00,127.18
2026-06-01 14:00:00+02:00,127.18
2026-06-01 15:00:00+02:00,59.34
2026-06-01 15:00:00+02:00,59.34
2026-06-01 15:00:00+02:00,59.34
2026-06-01 15:00:00+02:00,59.34
2026-06-01 15:00:00+02:00,59.34
2026-06-01 16:00:00+02:00,56.04
2026-06-01 16:00:00+02:00,56.04
2026-06-01 16:00:00+02:00,56.04
2026-06-01 16:00:00+02:00,56.04
2026-06-01 16:00:00+02:00,56.04
2026-06-01 17:00:00+02:00,67.58
2026-06-01 17:00:00+02:00,67.58
2026-06-01 17:00:00+02:00,67.58
2026-06-01 17:00:00+02:00,67.58
2026-06-01 17:00:00+02:00,67.58
2026-06-01 18:00:00+02:00,164.27
2026-06-01 18:00:00+02:00,164.27
2026-06-01 18:00:00+02:00,164.27
2026-06-01 18:00:00+02:00,95.04
2026-06-01 18:00:00+02:00,95.04
2026-06-01 19:00:00+02:00,210.77
2026-06-01 19:00:00+02:00,210.77
2026-06-01 19:00:00+02:00,210.77
2026-06-01 19:00:00+02:00,210.77
2026-06-01 19:00:00+02:00,210.77
2026-06-01 20:00:00+02:00,263.19
2026-06-01 20:00:00+02:00,263.19
2026-06-01 20:00:00+02:00,263.19
2026-06-01 20:00:00+02:00,263.19
2026-06-01 20:00:00+02:00,263.19
2026-06-01 21:00:00+02:00,285.48
2026-06-01 21:00:00+02:00,285.48
2026-06-01 21:00:00+02:00,285.48
2026-06-01 21:00:00+02:00,285.48
2026-06-01 21:00:00+02:00,285.48
2026-06-01 22:00:00+02:00,223.76
2026-06-01 22:00:00+02:00,223.76
2026-06-01 22:00:00+02:00,223.76
2026-06-01 22:00:00+02:00,293.51
2026-06-01 22:00:00+02:00,293.51
2026-06-01 23:00:00+02:00,204.79
2026-06-01 23:00:00+02:00,204.79
2026-06-01 23:00:00+02:00,204.79
2026-06-01 23:00:00+02:00,204.79
2026-06-01 23:00:00+02:00,204.79
2026-06-02 00:00:00+02:00,156.62
2026-06-02 00:00:00+02:00,156.62
2026-06-02 00:00:00+02:00,156.62
2026-06-02 00:00:00+02:00,156.62
2026-06-02 00:00:00+02:00,156.62
2026-06-02 01:00:00+02:00,139.34
2026-06-02 01:00:00+02:00,139.34
2026-06-02 01:00:00+02:00,139.34
2026-06-02 01:00:00+02:00,139.34
2026-06-02 01:00:00+02:00,139.34
2026-06-02 02:00:00+02:00,143.45
2026-06-02 02:00:00+02:00,143.45
2026-06-02 02:00:00+02:00,143.45
2026-06-02 02:00:00+02:00,143.45
2026-06-02 02:00:00+02:00,143.45
2026-06-02 03:00:00+02:00,136.28
2026-06-02 03:00:00+02:00,136.28
2026-06-02 03:00:00+02:00,136.28
2026-06-02 03:00:00+02:00,136.28
2026-06-02 03:00:00+02:00,136.28
2026-06-02 04:00:00+02:00,134.77
2026-06-02 04:00:00+02:00,134.77
2026-06-02 04:00:00+02:00,134.77
2026-06-02 04:00:00+02:00,134.77
2026-06-02 04:00:00+02:00,134.77
2026-06-02 05:00:00+02:00,134.76
2026-06-02 05:00:00+02:00,134.76
2026-06-02 05:00:00+02:00,134.76
2026-06-02 05:00:00+02:00,134.76
2026-06-02 05:00:00+02:00,134.76
2026-06-02 06:00:00+02:00,138.12
2026-06-02 06:00:00+02:00,138.12
2026-06-02 06:00:00+02:00,138.12
2026-06-02 06:00:00+02:00,138.12
2026-06-02 06:00:00+02:00,138.12
2026-06-02 07:00:00+02:00,137.32
2026-06-02 07:00:00+02:00,137.32
2026-06-02 07:00:00+02:00,137.32
2026-06-02 07:00:00+02:00,137.32
2026-06-02 07:00:00+02:00,137.32
2026-06-02 08:00:00+02:00,134.9
2026-06-02 08:00:00+02:00,134.9
2026-06-02 08:00:00+02:00,134.9
2026-06-02 08:00:00+02:00,134.9
2026-06-02 08:00:00+02:00,134.9
2026-06-02 09:00:00+02:00,89.98
2026-06-02 09:00:00+02:00,89.98
2026-06-02 09:00:00+02:00,89.98
2026-06-02 09:00:00+02:00,89.98
2026-06-02 09:00:00+02:00,89.98
2026-06-02 10:00:00+02:00,61.27
2026-06-02 10:00:00+02:00,61.27
2026-06-02 10:00:00+02:00,130.41
2026-06-02 10:00:00+02:00,130.41
2026-06-02 10:00:00+02:00,130.41
2026-06-02 11:00:00+02:00,127.72
2026-06-02 11:00:00+02:00,127.72
2026-06-02 11:00:00+02:00,127.72
2026-06-02 11:00:00+02:00,127.72
2026-06-02 11:00:00+02:00,127.72
2026-06-02 12:00:00+02:00,127.87
2026-06-02 12:00:00+02:00,127.87
2026-06-02 12:00:00+02:00,127.87
2026-06-02 12:00:00+02:00,127.87
2026-06-02 12:00:00+02:00,127.87
2026-06-02 13:00:00+02:00,128.86
2026-06-02 13:00:00+02:00,128.86
2026-06-02 13:00:00+02:00,128.86
2026-06-02 13:00:00+02:00,128.86
2026-06-02 13:00:00+02:00,128.86
2026-06-02 14:00:00+02:00,59.91
2026-06-02 14:00:00+02:00,59.91
2026-06-02 14:00:00+02:00,59.91
2026-06-02 14:00:00+02:00,129.08
2026-06-02 14:00:00+02:00,129.08
2026-06-02 15:00:00+02:00,60.37
2026-06-02 15:00:00+02:00,60.37
2026-06-02 15:00:00+02:00,60.37
2026-06-02 15:00:00+02:00,60.37
2026-06-02 15:00:00+02:00,60.37
2026-06-02 16:00:00+02:00,59.54
2026-06-02 16:00:00+02:00,59.54
2026-06-02 16:00:00+02:00,59.54
2026-06-02 16:00:00+02:00,59.54
2026-06-02 16:00:00+02:00,59.54
2026-06-02 17:00:00+02:00,58.42
2026-06-02 17:00:00+02:00,58.42
2026-06-02 17:00:00+02:00,58.42
2026-06-02 17:00:00+02:00,58.42
2026-06-02 17:00:00+02:00,58.42
2026-06-02 18:00:00+02:00,56.53
2026-06-02 18:00:00+02:00,125.67
2026-06-02 18:00:00+02:00,56.53
2026-06-02 18:00:00+02:00,125.67
2026-06-02 18:00:00+02:00,125.67
2026-06-02 19:00:00+02:00,133.44
2026-06-02 19:00:00+02:00,133.44
2026-06-02 19:00:00+02:00,133.44
2026-06-02 19:00:00+02:00,133.44
2026-06-02 19:00:00+02:00,133.44
2026-06-02 20:00:00+02:00,186.77
2026-06-02 20:00:00+02:00,186.77
2026-06-02 20:00:00+02:00,186.77
2026-06-02 20:00:00+02:00,186.77
2026-06-02 20:00:00+02:00,186.77
2026-06-02 21:00:00+02:00,231.09
2026-06-02 21:00:00+02:00,231.09
2026-06-02 21:00:00+02:00,231.09
2026-06-02 21:00:00+02:00,231.09
2026-06-02 21:00:00+02:00,231.09
2026-06-02 22:00:00+02:00,161.82
2026-06-02 22:00:00+02:00,161.82
2026-06-02 22:00:00+02:00,161.82
2026-06-02 22:00:00+02:00,231.23
2026-06-02 22:00:00+02:00,231.23
2026-06-02 23:00:00+02:00,152.59
2026-06-02 23:00:00+02:00,152.59
2026-06-02 23:00:00+02:00,152.59
2026-06-02 23:00:00+02:00,152.59
2026-06-02 23:00:00+02:00,152.59
